igbo,english,domain
Onye nkuzi na-akụzi mgbakọ na mwepụ n’ụlọ akwụkwọ.,The teacher teaches mathematics at school.,Education
Ụmụ akwụkwọ na-agụ akwụkwọ n’ụlọ akwụkwọ akwụkwọ.,Students study in the library.,Education
Nnwale ngwụcha afọ ga-amalite n’izu ọzọ.,Final examinations will begin next week.,Education
A na-eji kọmputa eme ihe n’ime klaasị.,Computers are used in the classroom.,Education
Mmụta bụ isi ihe na-eweta mmepe obodo.,Education is a key driver of community development.,Education
Onye nkuzi na-akụzi mgbakọ na mwepụ n’ụlọ akwụkwọ. (6),The teacher teaches mathematics at school. (6),Education
Ụmụ akwụkwọ na-agụ akwụkwọ n’ụlọ akwụkwọ akwụkwọ. (7),Students study in the library. (7),Education
Nnwale ngwụcha afọ ga-amalite n’izu ọzọ. (8),Final examinations will begin next week. (8),Education
A na-eji kọmputa eme ihe n’ime klaasị. (9),Computers are used in the classroom. (9),Education
Mmụta bụ isi ihe na-eweta mmepe obodo. (10),Education is a key driver of community development. (10),Education
Onye nkuzi na-akụzi mgbakọ na mwepụ n’ụlọ akwụkwọ. (11),The teacher teaches mathematics at school. (11),Education
Ụmụ akwụkwọ na-agụ akwụkwọ n’ụlọ akwụkwọ akwụkwọ. (12),Students study in the library. (12),Education
Nnwale ngwụcha afọ ga-amalite n’izu ọzọ. (13),Final examinations will begin next week. (13),Education
A na-eji kọmputa eme ihe n’ime klaasị. (14),Computers are used in the classroom. (14),Education
Mmụta bụ isi ihe na-eweta mmepe obodo. (15),Education is a key driver of community development. (15),Education
Onye nkuzi na-akụzi mgbakọ na mwepụ n’ụlọ akwụkwọ. (16),The teacher teaches mathematics at school. (16),Education
Ụmụ akwụkwọ na-agụ akwụkwọ n’ụlọ akwụkwọ akwụkwọ. (17),Students study in the library. (17),Education
Nnwale ngwụcha afọ ga-amalite n’izu ọzọ. (18),Final examinations will begin next week. (18),Education
A na-eji kọmputa eme ihe n’ime klaasị. (19),Computers are used in the classroom. (19),Education
Mmụta bụ isi ihe na-eweta mmepe obodo. (20),Education is a key driver of community development. (20),Education
Onye nkuzi na-akụzi mgbakọ na mwepụ n’ụlọ akwụkwọ. (21),The teacher teaches mathematics at school. (21),Education
Ụmụ akwụkwọ na-agụ akwụkwọ n’ụlọ akwụkwọ akwụkwọ. (22),Students study in the library. (22),Education
Nnwale ngwụcha afọ ga-amalite n’izu ọzọ. (23),Final examinations will begin next week. (23),Education
A na-eji kọmputa eme ihe n’ime klaasị. (24),Computers are used in the classroom. (24),Education
Mmụta bụ isi ihe na-eweta mmepe obodo. (25),Education is a key driver of community development. (25),Education
Onye nkuzi na-akụzi mgbakọ na mwepụ n’ụlọ akwụkwọ. (26),The teacher teaches mathematics at school. (26),Education
Ụmụ akwụkwọ na-agụ akwụkwọ n’ụlọ akwụkwọ akwụkwọ. (27),Students study in the library. (27),Education
Nnwale ngwụcha afọ ga-amalite n’izu ọzọ. (28),Final examinations will begin next week. (28),Education
A na-eji kọmputa eme ihe n’ime klaasị. (29),Computers are used in the classroom. (29),Education
Mmụta bụ isi ihe na-eweta mmepe obodo. (30),Education is a key driver of community development. (30),Education
Onye nkuzi na-akụzi mgbakọ na mwepụ n’ụlọ akwụkwọ. (31),The teacher teaches mathematics at school. (31),Education
Ụmụ akwụkwọ na-agụ akwụkwọ n’ụlọ akwụkwọ akwụkwọ. (32),Students study in the library. (32),Education
Nnwale ngwụcha afọ ga-amalite n’izu ọzọ. (33),Final examinations will begin next week. (33),Education
A na-eji kọmputa eme ihe n’ime klaasị. (34),Computers are used in the classroom. (34),Education
Mmụta bụ isi ihe na-eweta mmepe obodo. (35),Education is a key driver of community development. (35),Education
Onye nkuzi na-akụzi mgbakọ na mwepụ n’ụlọ akwụkwọ. (36),The teacher teaches mathematics at school. (36),Education
Ụmụ akwụkwọ na-agụ akwụkwọ n’ụlọ akwụkwọ akwụkwọ. (37),Students study in the library. (37),Education
Nnwale ngwụcha afọ ga-amalite n’izu ọzọ. (38),Final examinations will begin next week. (38),Education
A na-eji kọmputa eme ihe n’ime klaasị. (39),Computers are used in the classroom. (39),Education
Mmụta bụ isi ihe na-eweta mmepe obodo. (40),Education is a key driver of community development. (40),Education
Onye nkuzi na-akụzi mgbakọ na mwepụ n’ụlọ akwụkwọ. (41),The teacher teaches mathematics at school. (41),Education
Ụmụ akwụkwọ na-agụ akwụkwọ n’ụlọ akwụkwọ akwụkwọ. (42),Students study in the library. (42),Education
Nnwale ngwụcha afọ ga-amalite n’izu ọzọ. (43),Final examinations will begin next week. (43),Education
A na-eji kọmputa eme ihe n’ime klaasị. (44),Computers are used in the classroom. (44),Education
Mmụta bụ isi ihe na-eweta mmepe obodo. (45),Education is a key driver of community development. (45),Education
Onye nkuzi na-akụzi mgbakọ na mwepụ n’ụlọ akwụkwọ. (46),The teacher teaches mathematics at school. (46),Education
Ụmụ akwụkwọ na-agụ akwụkwọ n’ụlọ akwụkwọ akwụkwọ. (47),Students study in the library. (47),Education
Nnwale ngwụcha afọ ga-amalite n’izu ọzọ. (48),Final examinations will begin next week. (48),Education
A na-eji kọmputa eme ihe n’ime klaasị. (49),Computers are used in the classroom. (49),Education
Mmụta bụ isi ihe na-eweta mmepe obodo. (50),Education is a key driver of community development. (50),Education
Onye nkuzi na-akụzi mgbakọ na mwepụ n’ụlọ akwụkwọ. (51),The teacher teaches mathematics at school. (51),Education
Ụmụ akwụkwọ na-agụ akwụkwọ n’ụlọ akwụkwọ akwụkwọ. (52),Students study in the library. (52),Education
Nnwale ngwụcha afọ ga-amalite n’izu ọzọ. (53),Final examinations will begin next week. (53),Education
A na-eji kọmputa eme ihe n’ime klaasị. (54),Computers are used in the classroom. (54),Education
Mmụta bụ isi ihe na-eweta mmepe obodo. (55),Education is a key driver of community development. (55),Education
Onye nkuzi na-akụzi mgbakọ na mwepụ n’ụlọ akwụkwọ. (56),The teacher teaches mathematics at school. (56),Education
Ụmụ akwụkwọ na-agụ akwụkwọ n’ụlọ akwụkwọ akwụkwọ. (57),Students study in the library. (57),Education
Nnwale ngwụcha afọ ga-amalite n’izu ọzọ. (58),Final examinations will begin next week. (58),Education
A na-eji kọmputa eme ihe n’ime klaasị. (59),Computers are used in the classroom. (59),Education
Mmụta bụ isi ihe na-eweta mmepe obodo. (60),Education is a key driver of community development. (60),Education
Onye nkuzi na-akụzi mgbakọ na mwepụ n’ụlọ akwụkwọ. (61),The teacher teaches mathematics at school. (61),Education
Ụmụ akwụkwọ na-agụ akwụkwọ n’ụlọ akwụkwọ akwụkwọ. (62),Students study in the library. (62),Education
Nnwale ngwụcha afọ ga-amalite n’izu ọzọ. (63),Final examinations will begin next week. (63),Education
A na-eji kọmputa eme ihe n’ime klaasị. (64),Computers are used in the classroom. (64),Education
Mmụta bụ isi ihe na-eweta mmepe obodo. (65),Education is a key driver of community development. (65),Education
Onye nkuzi na-akụzi mgbakọ na mwepụ n’ụlọ akwụkwọ. (66),The teacher teaches mathematics at school. (66),Education
Ụmụ akwụkwọ na-agụ akwụkwọ n’ụlọ akwụkwọ akwụkwọ. (67),Students study in the library. (67),Education
Nnwale ngwụcha afọ ga-amalite n’izu ọzọ. (68),Final examinations will begin next week. (68),Education
A na-eji kọmputa eme ihe n’ime klaasị. (69),Computers are used in the classroom. (69),Education
Mmụta bụ isi ihe na-eweta mmepe obodo. (70),Education is a key driver of community development. (70),Education
Onye nkuzi na-akụzi mgbakọ na mwepụ n’ụlọ akwụkwọ. (71),The teacher teaches mathematics at school. (71),Education
Ụmụ akwụkwọ na-agụ akwụkwọ n’ụlọ akwụkwọ akwụkwọ. (72),Students study in the library. (72),Education
Nnwale ngwụcha afọ ga-amalite n’izu ọzọ. (73),Final examinations will begin next week. (73),Education
A na-eji kọmputa eme ihe n’ime klaasị. (74),Computers are used in the classroom. (74),Education
Mmụta bụ isi ihe na-eweta mmepe obodo. (75),Education is a key driver of community development. (75),Education
Onye nkuzi na-akụzi mgbakọ na mwepụ n’ụlọ akwụkwọ. (76),The teacher teaches mathematics at school. (76),Education
Ụmụ akwụkwọ na-agụ akwụkwọ n’ụlọ akwụkwọ akwụkwọ. (77),Students study in the library. (77),Education
Nnwale ngwụcha afọ ga-amalite n’izu ọzọ. (78),Final examinations will begin next week. (78),Education
A na-eji kọmputa eme ihe n’ime klaasị. (79),Computers are used in the classroom. (79),Education
Mmụta bụ isi ihe na-eweta mmepe obodo. (80),Education is a key driver of community development. (80),Education
Onye nkuzi na-akụzi mgbakọ na mwepụ n’ụlọ akwụkwọ. (81),The teacher teaches mathematics at school. (81),Education
Ụmụ akwụkwọ na-agụ akwụkwọ n’ụlọ akwụkwọ akwụkwọ. (82),Students study in the library. (82),Education
Nnwale ngwụcha afọ ga-amalite n’izu ọzọ. (83),Final examinations will begin next week. (83),Education
A na-eji kọmputa eme ihe n’ime klaasị. (84),Computers are used in the classroom. (84),Education
Mmụta bụ isi ihe na-eweta mmepe obodo. (85),Education is a key driver of community development. (85),Education
Onye nkuzi na-akụzi mgbakọ na mwepụ n’ụlọ akwụkwọ. (86),The teacher teaches mathematics at school. (86),Education
Ụmụ akwụkwọ na-agụ akwụkwọ n’ụlọ akwụkwọ akwụkwọ. (87),Students study in the library. (87),Education
Nnwale ngwụcha afọ ga-amalite n’izu ọzọ. (88),Final examinations will begin next week. (88),Education
A na-eji kọmputa eme ihe n’ime klaasị. (89),Computers are used in the classroom. (89),Education
Mmụta bụ isi ihe na-eweta mmepe obodo. (90),Education is a key driver of community development. (90),Education
Onye nkuzi na-akụzi mgbakọ na mwepụ n’ụlọ akwụkwọ. (91),The teacher teaches mathematics at school. (91),Education
Ụmụ akwụkwọ na-agụ akwụkwọ n’ụlọ akwụkwọ akwụkwọ. (92),Students study in the library. (92),Education
Nnwale ngwụcha afọ ga-amalite n’izu ọzọ. (93),Final examinations will begin next week. (93),Education
A na-eji kọmputa eme ihe n’ime klaasị. (94),Computers are used in the classroom. (94),Education
Mmụta bụ isi ihe na-eweta mmepe obodo. (95),Education is a key driver of community development. (95),Education
Onye nkuzi na-akụzi mgbakọ na mwepụ n’ụlọ akwụkwọ. (96),The teacher teaches mathematics at school. (96),Education
Ụmụ akwụkwọ na-agụ akwụkwọ n’ụlọ akwụkwọ akwụkwọ. (97),Students study in the library. (97),Education
Nnwale ngwụcha afọ ga-amalite n’izu ọzọ. (98),Final examinations will begin next week. (98),Education
A na-eji kọmputa eme ihe n’ime klaasị. (99),Computers are used in the classroom. (99),Education
Mmụta bụ isi ihe na-eweta mmepe obodo. (100),Education is a key driver of community development. (100),Education
Onye nkuzi na-akụzi mgbakọ na mwepụ n’ụlọ akwụkwọ. (101),The teacher teaches mathematics at school. (101),Education
Ụmụ akwụkwọ na-agụ akwụkwọ n’ụlọ akwụkwọ akwụkwọ. (102),Students study in the library. (102),Education
Nnwale ngwụcha afọ ga-amalite n’izu ọzọ. (103),Final examinations will begin next week. (103),Education
A na-eji kọmputa eme ihe n’ime klaasị. (104),Computers are used in the classroom. (104),Education
Mmụta bụ isi ihe na-eweta mmepe obodo. (105),Education is a key driver of community development. (105),Education
Onye nkuzi na-akụzi mgbakọ na mwepụ n’ụlọ akwụkwọ. (106),The teacher teaches mathematics at school. (106),Education
Ụmụ akwụkwọ na-agụ akwụkwọ n’ụlọ akwụkwọ akwụkwọ. (107),Students study in the library. (107),Education
Nnwale ngwụcha afọ ga-amalite n’izu ọzọ. (108),Final examinations will begin next week. (108),Education
A na-eji kọmputa eme ihe n’ime klaasị. (109),Computers are used in the classroom. (109),Education
Mmụta bụ isi ihe na-eweta mmepe obodo. (110),Education is a key driver of community development. (110),Education
Onye nkuzi na-akụzi mgbakọ na mwepụ n’ụlọ akwụkwọ. (111),The teacher teaches mathematics at school. (111),Education
Ụmụ akwụkwọ na-agụ akwụkwọ n’ụlọ akwụkwọ akwụkwọ. (112),Students study in the library. (112),Education
Nnwale ngwụcha afọ ga-amalite n’izu ọzọ. (113),Final examinations will begin next week. (113),Education
A na-eji kọmputa eme ihe n’ime klaasị. (114),Computers are used in the classroom. (114),Education
Mmụta bụ isi ihe na-eweta mmepe obodo. (115),Education is a key driver of community development. (115),Education
Onye nkuzi na-akụzi mgbakọ na mwepụ n’ụlọ akwụkwọ. (116),The teacher teaches mathematics at school. (116),Education
Ụmụ akwụkwọ na-agụ akwụkwọ n’ụlọ akwụkwọ akwụkwọ. (117),Students study in the library. (117),Education
Nnwale ngwụcha afọ ga-amalite n’izu ọzọ. (118),Final examinations will begin next week. (118),Education
A na-eji kọmputa eme ihe n’ime klaasị. (119),Computers are used in the classroom. (119),Education
Mmụta bụ isi ihe na-eweta mmepe obodo. (120),Education is a key driver of community development. (120),Education
Onye nkuzi na-akụzi mgbakọ na mwepụ n’ụlọ akwụkwọ. (121),The teacher teaches mathematics at school. (121),Education
Ụmụ akwụkwọ na-agụ akwụkwọ n’ụlọ akwụkwọ akwụkwọ. (122),Students study in the library. (122),Education
Nnwale ngwụcha afọ ga-amalite n’izu ọzọ. (123),Final examinations will begin next week. (123),Education
A na-eji kọmputa eme ihe n’ime klaasị. (124),Computers are used in the classroom. (124),Education
Mmụta bụ isi ihe na-eweta mmepe obodo. (125),Education is a key driver of community development. (125),Education
Onye nkuzi na-akụzi mgbakọ na mwepụ n’ụlọ akwụkwọ. (126),The teacher teaches mathematics at school. (126),Education
Ụmụ akwụkwọ na-agụ akwụkwọ n’ụlọ akwụkwọ akwụkwọ. (127),Students study in the library. (127),Education
Nnwale ngwụcha afọ ga-amalite n’izu ọzọ. (128),Final examinations will begin next week. (128),Education
A na-eji kọmputa eme ihe n’ime klaasị. (129),Computers are used in the classroom. (129),Education
Mmụta bụ isi ihe na-eweta mmepe obodo. (130),Education is a key driver of community development. (130),Education
Onye nkuzi na-akụzi mgbakọ na mwepụ n’ụlọ akwụkwọ. (131),The teacher teaches mathematics at school. (131),Education
Ụmụ akwụkwọ na-agụ akwụkwọ n’ụlọ akwụkwọ akwụkwọ. (132),Students study in the library. (132),Education
Nnwale ngwụcha afọ ga-amalite n’izu ọzọ. (133),Final examinations will begin next week. (133),Education
A na-eji kọmputa eme ihe n’ime klaasị. (134),Computers are used in the classroom. (134),Education
Mmụta bụ isi ihe na-eweta mmepe obodo. (135),Education is a key driver of community development. (135),Education
Onye nkuzi na-akụzi mgbakọ na mwepụ n’ụlọ akwụkwọ. (136),The teacher teaches mathematics at school. (136),Education
Ụmụ akwụkwọ na-agụ akwụkwọ n’ụlọ akwụkwọ akwụkwọ. (137),Students study in the library. (137),Education
Nnwale ngwụcha afọ ga-amalite n’izu ọzọ. (138),Final examinations will begin next week. (138),Education
A na-eji kọmputa eme ihe n’ime klaasị. (139),Computers are used in the classroom. (139),Education
Mmụta bụ isi ihe na-eweta mmepe obodo. (140),Education is a key driver of community development. (140),Education
Onye nkuzi na-akụzi mgbakọ na mwepụ n’ụlọ akwụkwọ. (141),The teacher teaches mathematics at school. (141),Education
Ụmụ akwụkwọ na-agụ akwụkwọ n’ụlọ akwụkwọ akwụkwọ. (142),Students study in the library. (142),Education
Nnwale ngwụcha afọ ga-amalite n’izu ọzọ. (143),Final examinations will begin next week. (143),Education
A na-eji kọmputa eme ihe n’ime klaasị. (144),Computers are used in the classroom. (144),Education
Mmụta bụ isi ihe na-eweta mmepe obodo. (145),Education is a key driver of community development. (145),Education
Onye nkuzi na-akụzi mgbakọ na mwepụ n’ụlọ akwụkwọ. (146),The teacher teaches mathematics at school. (146),Education
Ụmụ akwụkwọ na-agụ akwụkwọ n’ụlọ akwụkwọ akwụkwọ. (147),Students study in the library. (147),Education
Nnwale ngwụcha afọ ga-amalite n’izu ọzọ. (148),Final examinations will begin next week. (148),Education
A na-eji kọmputa eme ihe n’ime klaasị. (149),Computers are used in the classroom. (149),Education
Mmụta bụ isi ihe na-eweta mmepe obodo. (150),Education is a key driver of community development. (150),Education
Onye nkuzi na-akụzi mgbakọ na mwepụ n’ụlọ akwụkwọ. (151),The teacher teaches mathematics at school. (151),Education
Ụmụ akwụkwọ na-agụ akwụkwọ n’ụlọ akwụkwọ akwụkwọ. (152),Students study in the library. (152),Education
Nnwale ngwụcha afọ ga-amalite n’izu ọzọ. (153),Final examinations will begin next week. (153),Education
A na-eji kọmputa eme ihe n’ime klaasị. (154),Computers are used in the classroom. (154),Education
Mmụta bụ isi ihe na-eweta mmepe obodo. (155),Education is a key driver of community development. (155),Education
Onye nkuzi na-akụzi mgbakọ na mwepụ n’ụlọ akwụkwọ. (156),The teacher teaches mathematics at school. (156),Education
Ụmụ akwụkwọ na-agụ akwụkwọ n’ụlọ akwụkwọ akwụkwọ. (157),Students study in the library. (157),Education
Nnwale ngwụcha afọ ga-amalite n’izu ọzọ. (158),Final examinations will begin next week. (158),Education
A na-eji kọmputa eme ihe n’ime klaasị. (159),Computers are used in the classroom. (159),Education
Mmụta bụ isi ihe na-eweta mmepe obodo. (160),Education is a key driver of community development. (160),Education
Onye nkuzi na-akụzi mgbakọ na mwepụ n’ụlọ akwụkwọ. (161),The teacher teaches mathematics at school. (161),Education
Ụmụ akwụkwọ na-agụ akwụkwọ n’ụlọ akwụkwọ akwụkwọ. (162),Students study in the library. (162),Education
Nnwale ngwụcha afọ ga-amalite n’izu ọzọ. (163),Final examinations will begin next week. (163),Education
A na-eji kọmputa eme ihe n’ime klaasị. (164),Computers are used in the classroom. (164),Education
Mmụta bụ isi ihe na-eweta mmepe obodo. (165),Education is a key driver of community development. (165),Education
Onye nkuzi na-akụzi mgbakọ na mwepụ n’ụlọ akwụkwọ. (166),The teacher teaches mathematics at school. (166),Education
Ụmụ akwụkwọ na-agụ akwụkwọ n’ụlọ akwụkwọ akwụkwọ. (167),Students study in the library. (167),Education
Nnwale ngwụcha afọ ga-amalite n’izu ọzọ. (168),Final examinations will begin next week. (168),Education
A na-eji kọmputa eme ihe n’ime klaasị. (169),Computers are used in the classroom. (169),Education
Mmụta bụ isi ihe na-eweta mmepe obodo. (170),Education is a key driver of community development. (170),Education
Onye nkuzi na-akụzi mgbakọ na mwepụ n’ụlọ akwụkwọ. (171),The teacher teaches mathematics at school. (171),Education
Ụmụ akwụkwọ na-agụ akwụkwọ n’ụlọ akwụkwọ akwụkwọ. (172),Students study in the library. (172),Education
Nnwale ngwụcha afọ ga-amalite n’izu ọzọ. (173),Final examinations will begin next week. (173),Education
A na-eji kọmputa eme ihe n’ime klaasị. (174),Computers are used in the classroom. (174),Education
Mmụta bụ isi ihe na-eweta mmepe obodo. (175),Education is a key driver of community development. (175),Education
Onye nkuzi na-akụzi mgbakọ na mwepụ n’ụlọ akwụkwọ. (176),The teacher teaches mathematics at school. (176),Education
Ụmụ akwụkwọ na-agụ akwụkwọ n’ụlọ akwụkwọ akwụkwọ. (177),Students study in the library. (177),Education
Nnwale ngwụcha afọ ga-amalite n’izu ọzọ. (178),Final examinations will begin next week. (178),Education
A na-eji kọmputa eme ihe n’ime klaasị. (179),Computers are used in the classroom. (179),Education
Mmụta bụ isi ihe na-eweta mmepe obodo. (180),Education is a key driver of community development. (180),Education
Onye nkuzi na-akụzi mgbakọ na mwepụ n’ụlọ akwụkwọ. (181),The teacher teaches mathematics at school. (181),Education
Ụmụ akwụkwọ na-agụ akwụkwọ n’ụlọ akwụkwọ akwụkwọ. (182),Students study in the library. (182),Education
Nnwale ngwụcha afọ ga-amalite n’izu ọzọ. (183),Final examinations will begin next week. (183),Education
A na-eji kọmputa eme ihe n’ime klaasị. (184),Computers are used in the classroom. (184),Education
Mmụta bụ isi ihe na-eweta mmepe obodo. (185),Education is a key driver of community development. (185),Education
Onye nkuzi na-akụzi mgbakọ na mwepụ n’ụlọ akwụkwọ. (186),The teacher teaches mathematics at school. (186),Education
Ụmụ akwụkwọ na-agụ akwụkwọ n’ụlọ akwụkwọ akwụkwọ. (187),Students study in the library. (187),Education
Nnwale ngwụcha afọ ga-amalite n’izu ọzọ. (188),Final examinations will begin next week. (188),Education
A na-eji kọmputa eme ihe n’ime klaasị. (189),Computers are used in the classroom. (189),Education
Mmụta bụ isi ihe na-eweta mmepe obodo. (190),Education is a key driver of community development. (190),Education
Onye nkuzi na-akụzi mgbakọ na mwepụ n’ụlọ akwụkwọ. (191),The teacher teaches mathematics at school. (191),Education
Ụmụ akwụkwọ na-agụ akwụkwọ n’ụlọ akwụkwọ akwụkwọ. (192),Students study in the library. (192),Education
Nnwale ngwụcha afọ ga-amalite n’izu ọzọ. (193),Final examinations will begin next week. (193),Education
A na-eji kọmputa eme ihe n’ime klaasị. (194),Computers are used in the classroom. (194),Education
Mmụta bụ isi ihe na-eweta mmepe obodo. (195),Education is a key driver of community development. (195),Education
Onye nkuzi na-akụzi mgbakọ na mwepụ n’ụlọ akwụkwọ. (196),The teacher teaches mathematics at school. (196),Education
Ụmụ akwụkwọ na-agụ akwụkwọ n’ụlọ akwụkwọ akwụkwọ. (197),Students study in the library. (197),Education
Nnwale ngwụcha afọ ga-amalite n’izu ọzọ. (198),Final examinations will begin next week. (198),Education
A na-eji kọmputa eme ihe n’ime klaasị. (199),Computers are used in the classroom. (199),Education
Mmụta bụ isi ihe na-eweta mmepe obodo. (200),Education is a key driver of community development. (200),Education
